{
  "0": {
    "media": 0.20470547676086426,
    "mediana": 0.121955007314682,
    "std": 0.2189578264951706,
    "n": 1956819
  },
  "1": {
    "media": 0.08153342455625534,
    "mediana": 0.07769346982240677,
    "std": 0.046095751225948334,
    "n": 126
  },
  "2": {
    "media": 0.2308242917060852,
    "mediana": 0.2290974259376526,
    "std": 0.08971549570560455,
    "n": 127429
  },
  "3": {
    "media": 0.21074429154396057,
    "mediana": 0.18276965618133545,
    "std": 0.1195429190993309,
    "n": 621941
  },
  "4": {
    "media": 0.19498416781425476,
    "mediana": 0.15062156319618225,
    "std": 0.1644958108663559,
    "n": 1437189
  },
  "5": {
    "media": 0.2791859209537506,
    "mediana": 0.22732548415660858,
    "std": 0.17154747247695923,
    "n": 6995891
  },
  "6": {
    "media": 0.2691214978694916,
    "mediana": 0.212264284491539,
    "std": 0.20972639322280884,
    "n": 176711
  },
  "7": {
    "media": 0.22178037464618683,
    "mediana": 0.18965737521648407,
    "std": 0.12174120545387268,
    "n": 16153
  },
  "8": {
    "media": 1.260110855102539,
    "mediana": 1.3178094625473022,
    "std": 0.4234481155872345,
    "n": 56926
  },
  "10": {
    "media": 0.1094711571931839,
    "mediana": 0.07804758846759796,
    "std": 0.11293293535709381,
    "n": 40735
  },
  "11": {
    "media": 0.13663893938064575,
    "mediana": 0.10609550774097443,
    "std": 0.11041226238012314,
    "n": 472374
  },
  "12": {
    "media": 0.29064881801605225,
    "mediana": 0.2465413361787796,
    "std": 0.20790384709835052,
    "n": 2246156
  },
  "13": {
    "media": 0.19380848109722137,
    "mediana": 0.17971165478229523,
    "std": 0.11362579464912415,
    "n": 25227
  },
  "14": {
    "media": 0.1568535715341568,
    "mediana": 0.12841928005218506,
    "std": 0.1156243309378624,
    "n": 63195
  },
  "15": {
    "media": 0.2381013184785843,
    "mediana": 0.20016993582248688,
    "std": 0.16730765998363495,
    "n": 49779
  },
  "16": {
    "media": 0.29242587089538574,
    "mediana": 0.216788649559021,
    "std": 0.2564619183540344,
    "n": 285875320
  },
  "17": {
    "media": 0.2848568856716156,
    "mediana": 0.2072952389717102,
    "std": 0.24937202036380768,
    "n": 50445737
  },
  "19": {
    "media": 0.2628970742225647,
    "mediana": 0.22173058986663818,
    "std": 0.17552898824214935,
    "n": 64780
  },
  "20": {
    "media": 0.26484525203704834,
    "mediana": 0.23667819797992706,
    "std": 0.1532343327999115,
    "n": 8798
  },
  "21": {
    "media": 0.21917621791362762,
    "mediana": 0.18796387314796448,
    "std": 0.1297096163034439,
    "n": 1651940
  },
  "22": {
    "media": 0.1831904500722885,
    "mediana": 0.14643922448158264,
    "std": 0.12219589203596115,
    "n": 332265
  },
  "23": {
    "media": 0.21398331224918365,
    "mediana": 0.18090252578258514,
    "std": 0.13286429643630981,
    "n": 17811291
  },
  "24": {
    "media": 0.18699851632118225,
    "mediana": 0.15807683765888214,
    "std": 0.11533292382955551,
    "n": 11802312
  },
  "25": {
    "media": 0.15068981051445007,
    "mediana": 0.13701650500297546,
    "std": 0.09728824347257614,
    "n": 7101
  },
  "26": {
    "media": 0.1395571380853653,
    "mediana": 0.14474613964557648,
    "std": 0.05864494666457176,
    "n": 2941
  },
  "27": {
    "media": 0.23126782476902008,
    "mediana": 0.16651098430156708,
    "std": 0.21446187794208527,
    "n": 33521517
  },
  "28": {
    "media": 0.19080010056495667,
    "mediana": 0.15173593163490295,
    "std": 0.1488567739725113,
    "n": 39359044
  },
  "29": {
    "media": 0.2611461281776428,
    "mediana": 0.20359393954277039,
    "std": 0.19448472559452057,
    "n": 2260810
  },
  "30": {
    "media": 0.26498469710350037,
    "mediana": 0.17408116161823273,
    "std": 0.24523691833019257,
    "n": 10818307
  },
  "31": {
    "media": 0.12039566785097122,
    "mediana": 0.09061463922262192,
    "std": 0.0981590524315834,
    "n": 8197015
  },
  "32": {
    "media": 0.16292762756347656,
    "mediana": 0.13777562975883484,
    "std": 0.1068536564707756,
    "n": 19583
  },
  "33": {
    "media": 0.13832694292068481,
    "mediana": 0.12494800984859467,
    "std": 0.10433755815029144,
    "n": 6832
  },
  "34": {
    "media": 0.30637940764427185,
    "mediana": 0.21537983417510986,
    "std": 0.26928913593292236,
    "n": 490793
  },
  "35": {
    "media": 0.03557770699262619,
    "mediana": 0.03374801576137543,
    "std": 0.005436788313090801,
    "n": 274
  },
  "36": {
    "media": 0.21635529398918152,
    "mediana": 0.17753560841083527,
    "std": 0.14710193872451782,
    "n": 154155
  },
  "37": {
    "media": 0.13586674630641937,
    "mediana": 0.11713016778230667,
    "std": 0.09250550717115402,
    "n": 121035
  },
  "38": {
    "media": 0.13032087683677673,
    "mediana": 0.0960809737443924,
    "std": 0.11627237498760223,
    "n": 18567824
  },
  "39": {
    "media": 0.21785666048526764,
    "mediana": 0.17288340628147125,
    "std": 0.16902755200862885,
    "n": 1895414
  },
  "40": {
    "media": 0.2364823967218399,
    "mediana": 0.20863252878189087,
    "std": 0.15593494474887848,
    "n": 63937
  },
  "41": {
    "media": 0.3640924394130707,
    "mediana": 0.23772749304771423,
    "std": 0.3751012086868286,
    "n": 6993796
  },
  "42": {
    "media": 0.22764697670936584,
    "mediana": 0.19175858795642853,
    "std": 0.155521422624588,
    "n": 876765
  },
  "43": {
    "media": 0.17807911336421967,
    "mediana": 0.12401159107685089,
    "std": 0.15182918310165405,
    "n": 209218
  },
  "44": {
    "media": 0.37522760033607483,
    "mediana": 0.34903430938720703,
    "std": 0.22168277204036713,
    "n": 1067278
  },
  "45": {
    "media": 0.20811620354652405,
    "mediana": 0.16141408681869507,
    "std": 0.16753478348255157,
    "n": 707248
  },
  "46": {
    "media": 0.15647074580192566,
    "mediana": 0.0774083063006401,
    "std": 0.1864524781703949,
    "n": 379173
  },
  "47": {
    "media": 0.20560894906520844,
    "mediana": 0.15295080840587616,
    "std": 0.1786254644393921,
    "n": 645192
  },
  "48": {
    "media": 0.2105994075536728,
    "mediana": 0.17752467095851898,
    "std": 0.12967486679553986,
    "n": 3533
  },
  "49": {
    "media": 0.13876555860042572,
    "mediana": 0.12859664857387543,
    "std": 0.06304974108934402,
    "n": 1186
  },
  "50": {
    "media": 0.14800095558166504,
    "mediana": 0.128029003739357,
    "std": 0.09875774383544922,
    "n": 99705210
  },
  "51": {
    "media": 0.20291881263256073,
    "mediana": 0.17393846809864044,
    "std": 0.13883961737155914,
    "n": 63931860
  },
  "54": {
    "media": 0.22157372534275055,
    "mediana": 0.14694823324680328,
    "std": 0.1766602247953415,
    "n": 5002
  },
  "55": {
    "media": 0.09586066752672195,
    "mediana": 0.06090947240591049,
    "std": 0.10007153451442719,
    "n": 39383
  },
  "56": {
    "media": 0.7862825393676758,
    "mediana": 0.07719866931438446,
    "std": 1.006322979927063,
    "n": 3
  },
  "57": {
    "media": 0.29907605051994324,
    "mediana": 0.21083581447601318,
    "std": 0.28873440623283386,
    "n": 64319
  },
  "58": {
    "media": 0.21369796991348267,
    "mediana": 0.15985509753227234,
    "std": 0.1720293164253235,
    "n": 596957
  },
  "59": {
    "media": 0.3254019021987915,
    "mediana": 0.23322218656539917,
    "std": 0.2620525360107422,
    "n": 20143801
  },
  "60": {
    "media": 0.14404936134815216,
    "mediana": 0.13031385838985443,
    "std": 0.06728079915046692,
    "n": 1476
  },
  "61": {
    "media": 0.18697436153888702,
    "mediana": 0.13383111357688904,
    "std": 0.11245924979448318,
    "n": 2470
  },
  "62": {
    "media": 0.26624491810798645,
    "mediana": 0.2815600037574768,
    "std": 0.1298716962337494,
    "n": 1284
  },
  "63": {
    "media": 0.03171730414032936,
    "mediana": 0.03282354027032852,
    "std": 0.0050359987653791904,
    "n": 47
  }
}